organism,sra_run_count,sra_platforms,sra_strategies,sra_total_bases,sra_date_range
Uncultured bacterium,40287,ILLUMINA,AMPLICON,349497243.0,2026-2026
Pseudomonas sp.,1164,ILLUMINA,WGS,10585713.0,2026-2026
Streptomyces sp.,188,ILLUMINA,WGS,20318781668.0,2026-2026
Aspergillus niger,3101,CAPILLARY; ILLUMINA,AMPLICON; RNA-Seq,25290168380.0,2026-2026
Bacillus sp.,1052,ILLUMINA,WGS,1084482.0,2026-2026
Aspergillus fumigatus,7868,BGISEQ; ILLUMINA,WGS,18880892700.0,2026-2026
Pseudomonas chlororaphis,382,ILLUMINA; OXFORD_NANOPORE,AMPLICON; Tn-Seq; WGS,6828895179.0,2025-2026
Bacillus pumilus,363,ILLUMINA,WGS,26600925079.0,2026-2026
Pseudomonas aeruginosa,93879,ILLUMINA,WGS,6582989813.0,2026-2026
Fusarium solani,238,DNBSEQ,RNA-Seq,34932864600.0,2026-2026
Agaricus bisporus,653,DNBSEQ; ILLUMINA; OXFORD_NANOPORE,AMPLICON; WGS,11056698747.0,2025-2026
Cupriavidus necator,425,ILLUMINA; OXFORD_NANOPORE,RNA-Seq; WGS,48089825935.0,2026-2026
Bacillus cereus,4813,ILLUMINA; OXFORD_NANOPORE,AMPLICON; WGS,1506345654.0,2026-2026
Phanerochaete chrysosporium,238,ILLUMINA; PACBIO_SMRT,RNA-Seq,52170107231.0,2025-2025
Fusarium oxysporum,3101,ILLUMINA; OXFORD_NANOPORE,Hi-C; WGS,78915617841.0,2026-2026
Thermobifida fusca,52,ILLUMINA,RNA-Seq,5897858264.0,2026-2026
Saccharomonospora viridis,10,CAPILLARY; ILLUMINA; PACBIO_SMRT,AMPLICON; OTHER; WGA; WGS,1172945762.0,2016-2023
Amycolatopsis sp.,2,ILLUMINA,AMPLICON,1723857000.0,2025-2025
Fusarium sp.,213,DNBSEQ; ILLUMINA,AMPLICON; OTHER; WGS,16218840671.0,2025-2026
Aspergillus terreus,197,DNBSEQ; ILLUMINA,AMPLICON; RNA-Seq,61631205221.0,2025-2026
Aspergillus flavus,3025,ILLUMINA,RNA-Seq,36031980900.0,2026-2026
Bacillus subtilis,10580,ILLUMINA,AMPLICON; RNA-Seq; WGS,40416825977.0,2026-2026
Rhodococcus sp.,0,,,,
Aspergillus sp.,98,DNBSEQ; ILLUMINA,AMPLICON; OTHER; RNA-Seq,23839665695.0,2025-2026
Paucimonas lemoignei,2,ILLUMINA; PACBIO_SMRT,WGS,4726917948.0,2016-2019
Alcanivorax borkumensis,15,ILLUMINA,RNA-Seq,10841088693.0,2024-2024
Serratia marcescens,6719,ILLUMINA,WGS,1547102761.0,2026-2026
Ralstonia pickettii,208,ILLUMINA,WGS,6229210500.0,2026-2026
Bacillus licheniformis,552,ILLUMINA; PACBIO_SMRT,WGS,4273143696.0,2026-2026
Pseudoalteromonas sp.,145,ILLUMINA,AMPLICON; WGS,2612931438.0,2025-2026
Penicillium sp.,184,DNBSEQ; ILLUMINA,AMPLICON; OTHER,7093.0,2025-2025
Marinobacter sp.,38,DNBSEQ; ILLUMINA; OXFORD_NANOPORE,WGA; WGS,5302707174.0,2025-2026
Thermobifida cellulosilytica,0,,,,
Moraxella sp.,11,ILLUMINA,WGS,7610425388.0,2024-2025
Penicillium chrysogenum,115,ILLUMINA,Tn-Seq; WGS,24243793792.0,2025-2026
Priestia megaterium,679,ILLUMINA,WGS,477915.0,2026-2026
Stutzerimonas stutzeri,1130,ILLUMINA; ION_TORRENT; OXFORD_NANOPORE,WGS,1237126459.0,2025-2026
Stenotrophomonas sp.,128,ILLUMINA,WGS,7625366.0,2026-2026
Rhodococcus fascians,88,ILLUMINA,WGS,739749.0,2026-2026
Comamonas acidovorans,119,ILLUMINA; OXFORD_NANOPORE,WGS,7199527373.0,2025-2026
Pseudomonas putida,3978,ILLUMINA,WGS,2293086.0,2026-2026
Enterobacter sp.,135,ILLUMINA,WGS,1341746039.0,2026-2026
Pseudomonas mendocina,63,ILLUMINA,WGS,2281691638.0,2025-2025
Alcaligenes faecalis,130,ILLUMINA; OXFORD_NANOPORE; PACBIO_SMRT,AMPLICON; RNA-Seq; WGS,1562557203.0,2025-2026
Pseudogymnoascus pannorum,1,ILLUMINA,WGS,18459215532.0,2016-2016
Enterobacter hormaechei,10742,ILLUMINA,WGS,2778746281.0,2026-2026
Cladosporium sp.,34,DNBSEQ; ILLUMINA,AMPLICON; OTHER; WGS,91934455.0,2025-2026
Pseudomonas fluorescens,7209,ILLUMINA,WGS,21996304.0,2026-2026
Prerenniporia tephropora,0,,,,
Pseudomonas alcaligenes,99,ILLUMINA,WGS,18573867.0,2026-2026
Bacillus amyloliquefaciens,485,ILLUMINA; PACBIO_SMRT,WGS,7992685258.0,2026-2026
Phoma sp.,22,DNBSEQ; ILLUMINA,AMPLICON; OTHER,7639.0,2025-2025
Achromobacter xylosoxidans,998,BGISEQ; ILLUMINA; OXFORD_NANOPORE,AMPLICON; WGS,2366821008.0,2026-2026
Arthrobacter sp.,302,ILLUMINA,WGS,1083576.0,2026-2026
Fusarium verticillioides,445,OXFORD_NANOPORE,WGS,14220833511.0,2026-2026
Trichoderma harzianum,327,ILLUMINA,RNA-Seq,28982328945.0,2026-2026
Roseateles depolymerans,7,ILLUMINA,RNA-Seq; WGS,5772331922.0,2022-2024
Aspergillus oryzae,719,DNBSEQ,WGS,13065430500.0,2026-2026
Exiguobacterium sp.,37,ILLUMINA; OXFORD_NANOPORE,AMPLICON; WGS,2855253023.0,2025-2026
Amycolatopsis orientalis,15,ILLUMINA,RNA-Seq,12086081100.0,2026-2026
Talaromyces funiculosus,9,ABI_SOLID; DNBSEQ; PACBIO_SMRT,AMPLICON; RNA-Seq; WGS,14135332184.0,2019-2025
Streptococcus sp.,297,ILLUMINA; OXFORD_NANOPORE,WGS,1401451540.0,2026-2026
Actinomadura sp.,0,,,,
Penicillium citrinum,47,DNBSEQ; PACBIO_SMRT,AMPLICON; WGS,778060966.0,2025-2025
Brevibacillus sp.,3,ILLUMINA,WGS,174371030.0,2018-2026
Penicillium simplicissimum,9,DNBSEQ; ILLUMINA; PACBIO_SMRT,AMPLICON; WGS,4130285446.0,2022-2025
Brevibacillus brevis,28,ILLUMINA,WGS,769478612.0,2025-2026
Micromonospora sp.,2,ILLUMINA,AMPLICON; WGS,1655985060.0,2024-2025
Paenibacillus sp.,127,ILLUMINA,WGS,2141782.0,2026-2026
Schlegelella thermodepolymerans,19,ILLUMINA,RNA-Seq,9132442112.0,2026-2026
Aureobasidium pullulans,221,ILLUMINA; OXFORD_NANOPORE; PACBIO_SMRT,WGS,9566860117.0,2026-2026
Purpureocillium lilacinum,123,ILLUMINA,RNA-Seq,38046242700.0,2026-2026
Alcanivorax sp.,38,DNBSEQ; ILLUMINA,AMPLICON; WGA,58743518.0,2021-2026
Rhizopus oryzae,377,DNBSEQ; ILLUMINA; OXFORD_NANOPORE,AMPLICON; RNA-Seq; WGS,40694582906.0,2025-2026
Paenibacillus amylolyticus,77,ILLUMINA,WGS,466134.0,2026-2026
Phlebiopsis sp.,1,ABI_SOLID,AMPLICON,1237.0,2024-2024
Comamonas testosteroni,530,ILLUMINA,WGS,2090056207.0,2026-2026
Xylaria sp.,5,ABI_SOLID; ILLUMINA; LS454,AMPLICON; OTHER; WGS,5069.0,2021-2025
Schizophyllum commune,843,ABI_SOLID; ILLUMINA,RNA-Seq; WGS,14967382436.0,2025-2026
Neopestalotiopsis phangngaensis,0,,,,
Lihuaxuella thermophila,1,ILLUMINA,WGS,975208736.0,2016-2016
Variovorax paradoxus,153,ILLUMINA,AMPLICON; WGS,60516457.0,2025-2026
Aspergillus fischeri,149,CAPILLARY; ILLUMINA,AMPLICON; WGS,23822469086.0,2024-2026
Rhodococcus ruber,150,ILLUMINA; OXFORD_NANOPORE,WGS,6967388032.0,2025-2026
Fusarium equiseti,23,ILLUMINA,RNA-Seq,29103400972.0,2024-2025
Streptomyces anulatus,104,ILLUMINA; OXFORD_NANOPORE,WGA; WGS,8164220349.0,2025-2026
VIbrio sp.,204,ILLUMINA; OXFORD_NANOPORE,WGS,4101281774.0,2025-2026
Comamonas sp.,9,ABI_SOLID; ILLUMINA,OTHER; WGS,2244134568.0,2024-2026
Cryptococcus sp.,0,,,,
Pseudogymnoascus verrucosus,2,ILLUMINA; ION_TORRENT,RNA-Seq; WGS,9305559953.0,2015-2015
Pestalotiopsis sp.,3,ILLUMINA,AMPLICON; WGS,108091604.0,2021-2023
Clonostachys rosea,354,ILLUMINA,WGS; ssRNA-seq,36740354299.0,2024-2026
Terribacillus sp.,0,,,,
Streptomyces roseolus,4,ILLUMINA,WGS,9356320362.0,2018-2024
Ideonella sakaiensis,14,ILLUMINA; OXFORD_NANOPORE,RNA-Seq; WGS,73710115632.0,2025-2026
Aspergillus tamarii,30,DNBSEQ; ILLUMINA,AMPLICON; WGS,11260267647.0,2023-2025
Amycolatopsis tolypomycina,4,ILLUMINA; PACBIO_SMRT,WGS,4014392044.0,2016-2024
Gloeophyllum sepiarium,0,,,,
Lachnellula sp.,0,,,,
Pseudozyma antarctica,4,DNBSEQ; ILLUMINA; OXFORD_NANOPORE; PACBIO_SMRT,AMPLICON; WGA; WGS,16258760461.0,2023-2025
Stenotrophomonas maltophilia,5816,ILLUMINA,WGS,12777765.0,2026-2026
Meyerozyma guilliermondii,144,ILLUMINA,RNA-Seq; WGS,29733650042.0,2025-2026
Leptothrix sp.,0,,,,
Fusarium culmorum,182,DNBSEQ,RNA-Seq,37859380474.0,2025-2025
Acidovorax sp.,65,ILLUMINA,WGS,14562626.0,2026-2026
Trichoderma sp.,67,ILLUMINA,OTHER,8975.0,2025-2025
Staphylococcus sp.,406,ILLUMINA; OXFORD_NANOPORE,AMPLICON; WGS,15088868083.0,2026-2026
Streptomyces omiyaensis,1,ILLUMINA,WGS,796200988.0,2018-2018
Pleurotus ostreatus,544,ILLUMINA,RNA-Seq,31984026900.0,2026-2026
Cladosporium cladosporioides,48,OXFORD_NANOPORE,AMPLICON,9009731.0,2026-2026
Papiliotrema laurentii,37,ILLUMINA,RNA-Seq,34260791700.0,2024-2024
Paracoccus denitrificans,221,ILLUMINA,RNA-Seq,22253523836.0,2026-2026
Burkholderia sp.,17,ILLUMINA; PACBIO_SMRT,WGA; WGS,10918233241.0,2024-2025
Chaetomium globosum,59,BGISEQ; ILLUMINA,RNA-Seq; WGS,31252036918.0,2025-2026
Agromyces sp.,125,ILLUMINA,WGS,2643592731.0,2024-2026
Alternaria alternata,732,ILLUMINA,AMPLICON; RNA-Seq,28206712169.0,2026-2026
Pseudomonas aestusnigri,4,ILLUMINA; OXFORD_NANOPORE,WGS,3942208611.0,2016-2022
Bacillus thuringiensis,2369,ILLUMINA,WGS,867495.0,2026-2026
Delftia acidovorans,119,ILLUMINA; OXFORD_NANOPORE,WGS,7199527373.0,2025-2026
Halomonas aquamarina,44,DNBSEQ; ILLUMINA,WGA; WGS,569229796.0,2025-2025
Amycolatopsis azurea,1,ILLUMINA,WGS,2239263728.0,2013-2013
Heterobasidion annosum,59,DNBSEQ; ILLUMINA,AMPLICON; RNA-Seq,79226130391.0,2023-2025
Humicola insolens,1,DNBSEQ,AMPLICON,309.0,2025-2025
Amycolatopsis mediterranei,10,ILLUMINA,RNA-Seq; WGS,11436578793.0,2021-2024
Pseudomonas frederiksbergensis,81,ILLUMINA,WGS,18672635.0,2026-2026
Diaporthe sp.,2,ILLUMINA,AMPLICON,16312996.0,2021-2021
Pseudomonas protegens,652,ILLUMINA,Tn-Seq,28551611218.0,2026-2026
Paraphoma chrysanthemicola,12,ILLUMINA; PACBIO_SMRT,RNA-Seq; WGS,17227986031.0,2021-2023
Bacillus aryabhattai,180,ILLUMINA,RNA-Seq; WGS,23719564364.0,2026-2026
Pseudomonas lemoignei,2,ILLUMINA; PACBIO_SMRT,WGS,4726917948.0,2016-2019
Aneurinibacillus aneurinilyticus,14,ILLUMINA,WGA; WGS,6186683699.0,2024-2026
Hypoxylon sp.,13,ILLUMINA,OTHER,3676.0,2025-2025
Acinetobacter baumannii,57060,ILLUMINA,WGS,1958395857.0,2026-2026
Clostridium botulinum,1716,ILLUMINA; OXFORD_NANOPORE,WGS,1455286347.0,2026-2026
Pseudomonas oryzihabitans,150,ILLUMINA,WGS,40223880803.0,2026-2026
Acinetobacter calcoaceticus,222,ILLUMINA,WGS,4152338638.0,2026-2026
Duganella zoogloeoides,5,ILLUMINA; OXFORD_NANOPORE,AMPLICON; OTHER; WGS,3944740993.0,2013-2026
Amycolatopsis alba,0,,,,
Parengyodontium album,2,ILLUMINA,WGS,8343838809.0,2025-2026
Phoma aliena,0,,,,
Shewanella sp.,21,DNBSEQ; ILLUMINA,AMPLICON; WGA; WGS; ssRNA-seq,2113818905.0,2025-2026
Streptomyces beijiangensis,0,,,,
Schlegelella sp.,2,ILLUMINA,WGS,3270194400.0,2024-2024
Streptomyces atratus,30,ILLUMINA,RNA-Seq,43681218300.0,2024-2024
Fusarium graminearum,3658,ILLUMINA,RNA-Seq,33880889925.0,2026-2026
Sphingomonas sp.,413,ILLUMINA,WGS,1127064.0,2026-2026
Bacillus gottheilii,5,ILLUMINA; OXFORD_NANOPORE; PACBIO_SMRT,WGS,3206760456.0,2021-2025
Amycolatopsis fastidiosa,1,ILLUMINA,WGS,367156802.0,2019-2019
Fomitiporia sp.,2,ILLUMINA,AMPLICON,68207165.0,2021-2021
Exiguobacterium profundum,6,ILLUMINA; OXFORD_NANOPORE,RNA-Seq; WGS,10796410583.0,2021-2025
Bacillus flexus,32,BGISEQ; ILLUMINA,WGS,9040895796.0,2025-2026
Verticillium sp.,22,ILLUMINA,OTHER,8358.0,2025-2025
Aspergillus awamori,4,ILLUMINA; PACBIO_SMRT,OTHER; WGS,20651666639.0,2016-2023
Thermobifida alba,0,,,,
Streptomyces pulveraceus,0,,,,
Xanthomonas sp.,13,ABI_SOLID; ILLUMINA,AMPLICON; WGS,3909276702.0,2022-2024
Halomonas sp.,86,ILLUMINA,RNA-Seq,14779229700.0,2026-2026
Micrococcus luteus,563,CAPILLARY; ILLUMINA; OXFORD_NANOPORE,AMPLICON; RNA-Seq; WGS,43522905554.0,2026-2026
Bjerkandera adusta,36,DNBSEQ; ILLUMINA,AMPLICON; RNA-Seq; WGS,23513830647.0,2025-2026
Serratia sp.,0,,,,
Microbulbifer sp.,0,,,,
Neodevriesia sp.,1,DNBSEQ,AMPLICON,447.0,2025-2025
Geobacillus thermocatenulatus,1,ILLUMINA,WGS,899858700.0,2025-2025
Xylaria feejeensis,0,,,,
Laceyella sp.,0,,,,
Lysinibacillus fusiformis,94,ILLUMINA; OXFORD_NANOPORE; PACBIO_SMRT,RNA-Seq; WGA; WGS,8018116206.0,2026-2026
Gordonia sp.,0,,,,
Gibberella sp.,213,DNBSEQ; ILLUMINA,AMPLICON; OTHER; WGS,16218840671.0,2025-2026
Aspergillus glaucus,21,ILLUMINA,RNA-Seq; WGS,31942499465.0,2012-2025
Fusarium pseudensiforme,3,ILLUMINA,RNA-Seq; WGS,8906173884.0,2026-2026
Diaphorobacter sp.,2,ILLUMINA,WGS,12098138100.0,2021-2024
Strain IZU-154,0,,,,
Saccharothrix waywayandensis,1,ILLUMINA,WGS,867378730.0,2016-2016
Rhodopseudomonas palustris,519,ILLUMINA,RNA-Seq,5907245100.0,2026-2026
Bacillus vietnamensis,8,ILLUMINA,WGS,13831865206.0,2025-2025
Brevibacillus parabrevis,15,ILLUMINA,WGS,12784035300.0,2025-2025
Brevibacillus borstelensis,22,ILLUMINA; OXFORD_NANOPORE,WGS,9786321680.0,2025-2026
Mucor sp.,5,ILLUMINA; LS454,AMPLICON; OTHER,83289609.0,2021-2025
Micrococcus sp.,63,ILLUMINA; OXFORD_NANOPORE,AMPLICON; WGS,2643683907.0,2017-2026
Micromonosporales bacterium,0,,,,
Micromonospora matsumotoense,4,ILLUMINA,WGS,8305450584.0,2016-2024
Nigrospora oryzae,17,ILLUMINA,RNA-Seq,36284648100.0,2026-2026
Fomitopsis palustris,1,ILLUMINA,WGS,2089492200.0,2024-2024
Moniliophthora roreri,64,ILLUMINA; PACBIO_SMRT,RNA-Seq; WGS,132805064942.0,2023-2023
Aspergillus sydowii,55,BGISEQ; DNBSEQ; ILLUMINA,AMPLICON; RNA-Seq; WGS,21063976052.0,2023-2025
Aspergillus ustus,13,DNBSEQ; ILLUMINA; OXFORD_NANOPORE; PACBIO_SMRT,AMPLICON; WGS,46674836751.0,2025-2026
Fusarium decemcellulare,2,ILLUMINA; ION_TORRENT,WGS,6102716273.0,2022-2026
Flavodon ambrosius,0,,,,
Aspergillus tubingensis,143,ABI_SOLID; DNBSEQ,AMPLICON,2558.0,2025-2025
Rhodococcus rhodochrous,37,ILLUMINA,RNA-Seq; WGS,60864574786.0,2024-2025
Alteromonas sp.,34,ILLUMINA; OXFORD_NANOPORE,AMPLICON; WGS,2979806077.0,2026-2026
Aspergillus versicolor,17,ABI_SOLID; ILLUMINA,AMPLICON; RNA-Seq,28269704450.0,2023-2024
Arcopilus aureus,6,DNBSEQ; OXFORD_NANOPORE; PACBIO_SMRT,Hi-C; RNA-Seq; WGS,48252700525.0,2023-2026
Trametes versicolor,196,ILLUMINA,RNA-Seq; WGS,36757326698.0,2026-2026
Pseudomonas citronellolis,50,ILLUMINA,WGS,4725879069.0,2025-2026
Rhodotorula mucilaginosa,215,ILLUMINA; OXFORD_NANOPORE,AMPLICON; WGS,6849882459.0,2026-2026
Burkholderia cepacia,581,BGISEQ; ILLUMINA,WGS,7839639290.0,2026-2026
Rhizobacter sp.,16,ILLUMINA,WGS,13276372751.0,2024-2026
Brevibacillus agri,46,ILLUMINA,WGS,3904623045.0,2024-2025
Bacillus sp. SC9,0,,,,
Debaryomyces hansenii,216,ILLUMINA; OXFORD_NANOPORE,WGS,19611768581.0,2026-2026
Pycnoporus cinnabarinus,54,ILLUMINA,RNA-Seq; WGS,10499025009.0,2018-2026
Delftia sp.,24,ILLUMINA; OXFORD_NANOPORE,AMPLICON,88353896.0,2025-2026
Epicoccum sp.,16,DNBSEQ; ILLUMINA,AMPLICON; WGS,45636131.0,2024-2025
Plectosphaerella cucumerina,36,DNBSEQ; ILLUMINA,AMPLICON; RNA-Seq,7209552373.0,2025-2026
Polyangium brachysporum,0,,,,
Penicillium roqueforti,160,DNBSEQ; ILLUMINA; OXFORD_NANOPORE,AMPLICON; GBS,82854575584.0,2025-2026
Cladosporium halotolerans,4,DNBSEQ; ILLUMINA; ION_TORRENT; OXFORD_NANOPORE,AMPLICON; RNA-Seq; WGS,6125479587.0,2020-2025
Penicillium brevicompactum,39,DNBSEQ; ILLUMINA; PACBIO_SMRT,AMPLICON; WGS,25420300006.0,2025-2025
Nocardiopsis prasina,67,ILLUMINA,AMPLICON; CLONEEND,49512450.0,2021-2025
Paraphoma radicina,1,PACBIO_SMRT,WGS,4999203828.0,2022-2022
Paraphoma sp.,1,LS454,AMPLICON,521.0,2021-2021
Penicillium oxalicum,790,DNBSEQ,RNA-Seq,31404178500.0,2026-2026
Oleispira antarctica,0,,,,
Paenarthrobacter ureafaciens,9,ILLUMINA; OXFORD_NANOPORE,WGS,7754368234.0,2024-2026
Cellulosimicrobium sp.,17,ILLUMINA,WGS,4378538678.0,2024-2026
Coprinellus aureogranulatus,1,ION_TORRENT,WGS,694034965.0,2022-2022
Curvularia lunata,9,DNBSEQ; ILLUMINA,AMPLICON; RNA-Seq; WGS,14095338547.0,2019-2025
Cordyceps farinosa,6,ILLUMINA; OXFORD_NANOPORE,WGA; WGS,20229637267.0,2023-2025
Pleosporales sp.,5,ILLUMINA; LS454,AMPLICON; WGS,2636.0,2021-2025
Acidovorax delafieldii,189,ILLUMINA; OXFORD_NANOPORE,WGS,6563654712.0,2025-2026
Acremonium sp.,9,ILLUMINA,AMPLICON; OTHER,30372213.0,2021-2025
Acinetobacter septicus,3,ILLUMINA; PACBIO_SMRT,WGS,31416633935.0,2021-2024
Thermomonospora curvata,8,CAPILLARY; ILLUMINA,WGA; WGS,959140349.0,2010-2020
Phanerochaete pseudomagnolia,0,,,,
Phellinus amazonicus,0,,,,
Phlebiopsis flavidoalba,0,,,,
Corynebacterium sp.,22,ILLUMINA,WGS,6131329282.0,2024-2026
Acinetobacter junii,151,ILLUMINA,RNA-Seq,18126637356.0,2026-2026
Actinomucor elegans,11,ILLUMINA,WGS,6010767608.0,2020-2025
Acidimicrobiales bacterium,75,DNBSEQ; ILLUMINA,WGA; WGS,43596478352.0,2025-2026
Kaistella jeonii,2,ILLUMINA; PACBIO_SMRT,WGS,1497212148.0,2016-2017
Thermoascus aurantiacus,31,DNBSEQ; ILLUMINA,AMPLICON; RNA-Seq; WGS,4765520772.0,2021-2025
Amycolatopsis methanolica,3,ILLUMINA,WGS,4431505418.0,2019-2024
Aequorivita sp.,6,DNBSEQ; ILLUMINA,WGA; WGS,2748995130.0,2018-2025
Streptomyces gougerotti,0,,,,
Actinoplanes ianthinogenes,0,,,,
Agrobacterium tumefaciens,589,ILLUMINA,WGS,1150620.0,2026-2026
Alternaria burnsii,9,ILLUMINA,RNA-Seq; WGS,18613961400.0,2023-2026
Alcaligenes sp.,32,ILLUMINA,AMPLICON; WGS,7101223007.0,2025-2026
Streptomyces griseus,967,ILLUMINA,OTHER,4168891352.0,2026-2026
Streptomyces lateritius,3,ILLUMINA; OXFORD_NANOPORE,WGS,4947288321.0,2018-2025
Streptomyces viridosporus,24,CAPILLARY; ILLUMINA,WGS,1722616767.0,2020-2024
Talaromyces verruculosus,12,ILLUMINA,WGS,29985741300.0,2025-2025
Alternaria pseudoeichhorniae,0,,,,
Alternaria sp.,181,DNBSEQ; ILLUMINA,AMPLICON; OTHER,7635.0,2025-2025
Anoxybacillus flavithermus,5,ILLUMINA; PACBIO_SMRT,AMPLICON; OTHER; WGS,1128504734.0,2016-2024
Amycolatopsis coloradensis,3,ILLUMINA; OXFORD_NANOPORE,WGS,5162552514.0,2021-2024
Jonesia denitrificans,27,CAPILLARY; ILLUMINA; PACBIO_SMRT,WGA; WGS,9060252377.0,2017-2021
Geomyces sp.,0,,,,
Ketobacter sp.,1,ILLUMINA,WGS,136301668.0,2020-2020
Kibdelosporangium aridum,3,ILLUMINA,WGS,3734604932.0,2016-2024
Acinetobacter pittii,902,ILLUMINA,WGS,1657485764.0,2026-2026
Acidovorax avenae,26,ILLUMINA; PACBIO_SMRT,WGS,5465782265.0,2017-2024
Actinoallomurus spadix,0,,,,
Acinetobacter guillouiae,61,ILLUMINA,WGS,7631193300.0,2026-2026
Acinetobacter sp.,121,DNBSEQ; ILLUMINA; OXFORD_NANOPORE,WGS,11180684615.0,2026-2026
Ureibacillus massiliensis,1,ILLUMINA,WGS,643912924.0,2025-2025
Actinokineospora spheciospongiae,1,ILLUMINA,WGS,937368438.0,2018-2018
Actinomadura keratinilytica,1,ILLUMINA,AMPLICON,51265500.0,2022-2022
Thermomyces lanuginosus,8,DNBSEQ; ILLUMINA,AMPLICON; RNA-Seq,9704597352.0,2015-2025
Cladosporium sphaerospermum,7,ABI_SOLID; DNBSEQ; ILLUMINA,AMPLICON; WGS,2472089189.0,2024-2026
Cladosporium subcinereum,0,,,,
Cladosporium tenuissimum,5,DNBSEQ; PACBIO_SMRT,AMPLICON; WGS,9184115400.0,2019-2026
Caenibacterium thermophilum,19,ILLUMINA,RNA-Seq,9132442112.0,2026-2026
Caldimonas manganoxidans,1,ILLUMINA,WGS,2225386520.0,2013-2013
Clostridium acetobutylicum,309,ILLUMINA,RNA-Seq,7834965704.0,2025-2025
Clostridium sp.,115,ILLUMINA,AMPLICON; WGS,11889357816.0,2025-2026
Penicillium stoloniferum,0,,,,
Perenniporia sp.,0,,,,
Cordyceps fumosorosea,10,ILLUMINA,RNA-Seq; WGS,29192791902.0,2023-2024
Coprinellus bipellis,0,,,,
Crossiella sp.,7,ILLUMINA,AMPLICON,191777683.0,2023-2023
Cupriavidus sp.,28,ILLUMINA,RNA-Seq; WGS,13211541603.0,2025-2026
Pseudomonas lini,8,ILLUMINA; PACBIO_SMRT,WGS,3963836114.0,2025-2026
Pseudomonas litoralis,3,PACBIO_SMRT,WGS,867936649.0,2016-2016
Pseudomonas oleovorans,61,ILLUMINA; OXFORD_NANOPORE,RNA-Seq; WGS,3851843573.0,2025-2026
Pseudomonas pavonaceae,0,,,,
Pseudomonas pseudoalcaligenes,61,ILLUMINA; OXFORD_NANOPORE,RNA-Seq; WGS,3851843573.0,2025-2026
Plesporaceae sp.,0,,,,
Pseudomonas bauzanensis,4,ILLUMINA,WGS,2467649285.0,2016-2024
Proteus mirabilis,5016,ILLUMINA,WGS,2040167026.0,2026-2026
Proteus sp.,44,ILLUMINA; OXFORD_NANOPORE,AMPLICON; WGS,2396050302.0,2025-2026
Citrobacter koseri,944,ILLUMINA; OXFORD_NANOPORE,AMPLICON; WGS,1692205900.0,2026-2026
Cladosporium pseudocladosporioides,8,DNBSEQ; PACBIO_SMRT,AMPLICON; WGS,16451362843.0,2025-2025
Colletotrichum fructicola,294,ILLUMINA,RNA-Seq,27508241132.0,2026-2026
Penicillium expansum,197,BGISEQ; DNBSEQ,AMPLICON; RNA-Seq,43066041447.0,2025-2026
Penicillium ochrochloron,2,DNBSEQ; ILLUMINA,WGS,14469526852.0,2024-2024
Paecilomyces sp.,2,DNBSEQ; ILLUMINA,AMPLICON,13102977.0,2021-2025
Paecilomyces variotii,95,DNBSEQ; OXFORD_NANOPORE,AMPLICON; WGS,12430706500.0,2025-2026
Pantoea sp.,109,ILLUMINA,RNA-Seq; WGS,11137295373.0,2026-2026
Didymosphaeriaceae sp.,0,,,,
Delftia tsuruhatensis,61,ILLUMINA; OXFORD_NANOPORE,AMPLICON; WGS,5824194715.0,2025-2026
Emericella nidulans,1658,ILLUMINA; OXFORD_NANOPORE,AMPLICON; RNA-Seq; WGS,65848595001.0,2026-2026
Bacillus zanthoxyli,0,,,,
Botrytis cinerea,1768,ILLUMINA,RNA-Seq,32631800640.0,2026-2026
Brevundimonas sp.,117,ILLUMINA,WGS,20021662.0,2026-2026
Pseudomonas veronii,280,DNBSEQ; OXFORD_NANOPORE,WGS,5181441575.0,2025-2026
Ralstonia sp.,22,DNBSEQ; ILLUMINA,WGA; WGS,1393682310.0,2025-2025
Remotididymella sp.,0,,,,
Psychrobacter sp.,67,ILLUMINA; OXFORD_NANOPORE,WGS,6961882631.0,2026-2026
Rhizopus delemar,211,ILLUMINA,WGS,58830336345.0,2025-2026
Rhizopus nigricans,80,OXFORD_NANOPORE,AMPLICON,20558564.0,2026-2026
Rhizobacter gummiphilus,16,ILLUMINA,RNA-Seq,14638136444.0,2025-2025
Cephalosporium sp.,0,,,,
Chaetomium murorum,0,,,,
Pseudomonas oceani,1,OXFORD_NANOPORE,WGS,778086816.0,2026-2026
Pseudomonas pelagia,1,ILLUMINA,WGS,7259.0,2017-2017
Azospirillum brasilense,46,ILLUMINA; OXFORD_NANOPORE,WGS,3796092270.0,2024-2026
Azotobacter vinelandii,99,ILLUMINA,Tn-Seq; WGS,7925707612.0,2025-2026
Bacillus sp. SB14,0,,,,
Bacillus megaterium,679,ILLUMINA,WGS,477915.0,2026-2026
Aspergillus clavatus,10,ABI_SOLID; CAPILLARY,AMPLICON; WGA,150485441.0,2020-2024
Bacillus pseudomycoides,44,CAPILLARY; ILLUMINA; PACBIO_SMRT,AMPLICON; WGS; ssRNA-seq,5562055545.0,2024-2025
Rhodotorula sp.,18,ILLUMINA; OXFORD_NANOPORE,AMPLICON; OTHER,227195713.0,2025-2025
Rhodococcus erythropolis,151,ILLUMINA,WGS,1877694.0,2026-2026
Rhodospirillum rubrum,80,ILLUMINA; OXFORD_NANOPORE,RNA-Seq; WGS,4066097777.0,2024-2024
Bacillus vallismortis,23,CAPILLARY; ILLUMINA; PACBIO_SMRT,AMPLICON; WGS,6310108981.0,2025-2026
Bacillus velezensis,1474,ILLUMINA,WGA; WGS,5035346733.0,2026-2026
Engyodontium album,2,ILLUMINA,WGS,8343838809.0,2025-2026
Mortierella sp.,40,ILLUMINA,AMPLICON,16152.0,2025-2025
Neonectria sp.,1,ILLUMINA,OTHER,1794.0,2025-2025
Nigrofomes melanoporus,0,,,,
Microbispora sp.,0,,,,
Micromonosporaceae bacterium,5,ILLUMINA,AMPLICON; RNA-Seq; WGS,1191136602.0,2018-2024
Marinactinospora thermotolerans,1,ILLUMINA,WGS,1523773500.0,2015-2015
Exophilia sp.,0,,,,
Flavobacterium sp.,138,ILLUMINA,WGS,906906.0,2026-2026
Fusarium redolens,12,ILLUMINA; PACBIO_SMRT,AMPLICON; WGS,39109935361.0,2020-2025
Aspergillus foetidus,0,,,,
Aspergillus giganteus,2,ILLUMINA,RNA-Seq; WGS,27023309716.0,2019-2019
Asteromyces cruciatus,0,,,,
Aspergillus nidulans,1658,ILLUMINA; OXFORD_NANOPORE,AMPLICON; RNA-Seq; WGS,65848595001.0,2026-2026
Sarcina aurantiaca,0,,,,
Sarocladium strictum,10,DNBSEQ; ILLUMINA; LS454; PACBIO_SMRT,AMPLICON; RNA-Seq; WGS,14035234663.0,2019-2025
Staphylococcus epidermidis,12131,ILLUMINA; OXFORD_NANOPORE,WGS,23750933096.0,2026-2026
Sinomonas sp.,0,,,,
Rhodococcus opacus,220,ILLUMINA,WGS,36876821184.0,2025-2026
Stachybotrys chartarum,12,BGISEQ; DNBSEQ; ILLUMINA,AMPLICON; RNA-Seq; WGS,10438029198.0,2024-2026
Arthrinium sacchari,0,,,,
Amycolatopsis rugosa,0,,,,
Amycolatopsis sulphurea,4,ILLUMINA; PACBIO_SMRT,WGS,7695026750.0,2016-2025
Aequorivita viscosa,2,ILLUMINA,WGS,2895312354.0,2016-2016
Aequorivita vladivostokensis,0,,,,
Steroidobacter cummioxidans,0,,,,
Stenotrophomonas panacihumi,2,ILLUMINA,AMPLICON; WGS,332222182.0,2023-2025
Stenotrophomonas pavanii,93,CAPILLARY; ILLUMINA; OXFORD_NANOPORE,WGS,3784275681.0,2026-2026
Streptomyces ciscaucasicus,62,OXFORD_NANOPORE; PACBIO_SMRT,WGS,1079635308.0,2025-2025
Streptomyces cyaneogriseus,0,,,,
Streptomyces ascomycinicus,0,,,,
Streptomyces avidinii,9,ILLUMINA; OXFORD_NANOPORE,WGS,1633509561.0,2024-2025
Streptomyces badius,14,ILLUMINA; OXFORD_NANOPORE; PACBIO_SMRT,WGS,2897522981.0,2018-2025
Arthrobacter oryzae,8,ABI_SOLID; ILLUMINA,WGS,5775209202.0,2024-2025
Fulvifomes sp.,0,,,,
Fusarium moniliforme,445,OXFORD_NANOPORE,WGS,14220833511.0,2026-2026
Matsuebacter chitosanotabidus,5,ILLUMINA,AMPLICON; WGS,3495163408.0,2020-2021
Memnoniella echinata,5,BGISEQ; DNBSEQ; ILLUMINA,AMPLICON; WGS,15601574459.0,2016-2026
Lysinibacillus sp.,9,ILLUMINA,WGS,7238453461.0,2024-2026
Lysinibacillus xylanilyticus,10,ILLUMINA; PACBIO_SMRT,AMPLICON; WGS,9126587170.0,2024-2026
Microbacterium flavum,1,ILLUMINA,WGS,777948063.0,2023-2023
Laceyella sacchari,8,ILLUMINA,RNA-Seq,15237260400.0,2025-2025
Lederbergia lenta,7,ILLUMINA,AMPLICON; WGS,3760652603.0,2022-2025
Klebsiella pneumoniae,151076,ILLUMINA,WGS,3237340305.0,2026-2026
Laetisaria arvalis,2,LS454,AMPLICON; OTHER,376682810.0,2014-2021
Lecanicillium araneicola,0,,,,
Gracilibacillus sp.,0,,,,
Gloeophyllum trabeum,65,ILLUMINA,RNA-Seq,38217054900.0,2026-2026
Thelebolus globosus,3,ILLUMINA; PACBIO_SMRT,RNA-Seq; WGS,21637095480.0,2025-2025
Trichaptum abietinum,344,ILLUMINA,WGS,10091416372.0,2025-2025
Actinomycetes bacterium,280,ABI_SOLID; ILLUMINA,WGA; WGS,8686417859.0,2025-2025
Vibrio parahaemolyticus,13040,ILLUMINA,WGS,1912225186.0,2026-2026
Vibrio gazogenes,46,ILLUMINA,RNA-Seq,77597565306.0,2025-2025
Thermobifida halotolerans,28,ILLUMINA,RNA-Seq,7689957370.0,2026-2026
Trichoderma viride,46,ILLUMINA,RNA-Seq,36295339500.0,2025-2025
Tropicoporus linteus,0,,,,
Absidia sp.,0,,,,
Vibrio alginolyticus,1285,ILLUMINA,WGS,3141069373.0,2026-2026
Verticillium leptobactrum,0,,,,
Yokenella regensburgei,15,ILLUMINA,WGS,7635490581.0,2022-2023
Abortiporus biennis,19,ABI_SOLID; ILLUMINA,RNA-Seq; WGS,21641342750.0,2018-2026
Acetobacterium sp.,1,ILLUMINA,WGS,14838052.0,2018-2018
Trichoderma fomiticola,0,,,,
Trichoderma hamatum,26,ILLUMINA,OTHER; RNA-Seq; WGS,7428201047.0,2021-2023
Trichoderma lixii,5,ILLUMINA; LS454,AMPLICON; WGS,2103865807.0,2020-2021
Trichoderma virens,166,ILLUMINA,RNA-Seq,29320995780.0,2025-2025
Trichothecium roseum,29,ILLUMINA,RNA-Seq,30616630744.0,2026-2026
Thermopolyspora flexuosa,2,PACBIO_SMRT,WGS,2542744483.0,2019-2019
Thyrostroma jaczewskii,0,,,,
Thermobacillus composti,1,PACBIO_SMRT,OTHER,570471906.0,2016-2016
Aliishimia ponticola,0,,,,
Alkalihalobacillus algicola,1,OXFORD_NANOPORE,WGS,1762923309.0,2024-2024
Alkalihalobacillus hwajinpoensis,6,ILLUMINA; OXFORD_NANOPORE,WGA; WGS,8100824850.0,2022-2025
Alternaria Solani,71,ELEMENT; OXFORD_NANOPORE; PACBIO_SMRT,WGS,28330146379.0,2026-2026
Alternaria brassicae,15,DNBSEQ; ILLUMINA; PACBIO_SMRT,AMPLICON; RNA-Seq; WGS,42677467640.0,2025-2026
Alternaria chlamydospora,0,,,,
Albosynnema elegans,0,,,,
Streptomyces swartbergensis,0,,,,
Streptomyces thermocarboxydovorans,0,,,,
Streptomyces thermogriseus,0,,,,
Streptomyces thermonitrificans,2,ILLUMINA,WGS,2697453430.0,2019-2024
Streptomyces thermoviolaceus,5,ILLUMINA; OXFORD_NANOPORE,WGS,4922259187.0,2019-2024
Streptomyces hypolithicus,0,,,,
Streptomyces lydicus,31,ILLUMINA,WGS,5200315170.0,2023-2024
Thermoanaerobacter sp.,5,ILLUMINA,WGS,10037897329.0,2018-2021
Terracoccus luteus,4,ILLUMINA; PACBIO_SMRT,WGS,7026980856.0,2018-2019
Terribacillus saccharophilus,10,ILLUMINA,WGS; ssRNA-seq,1679597701.0,2023-2025
Streptomyces thermovulgaris,2,ILLUMINA,WGS,2697453430.0,2019-2024
Streptomyces werraensis,5,ILLUMINA; OXFORD_NANOPORE,WGS,9405851472.0,2022-2024
Streptomyces sp.,188,ILLUMINA,WGS,20318781668.0,2026-2026
Talaromyces islandicus,2,DNBSEQ; ILLUMINA,AMPLICON; RNA-Seq,23603968013.0,2025-2025
Talaromyces minioluteus,0,,,,
Streptomyces rochei,30,ILLUMINA; OXFORD_NANOPORE; PACBIO_SMRT,WGS,2492416814.0,2025-2026
Alteromonas oceani,5,DNBSEQ; ILLUMINA,WGA; WGS,2170827167.0,2020-2025
Stemphylium vesicarium,48,ILLUMINA,RNA-Seq,33588577800.0,2026-2026
Stenotrophomonas geniculata,166,ILLUMINA,RNA-Seq,14609570100.0,2026-2026
Stenotrophomonas humi,0,,,,
Talaromyces pinophilus,31,DNBSEQ; ILLUMINA,RNA-Seq,49734373200.0,2023-2025
Talaromyces rugulosus,2,ILLUMINA; PACBIO_SMRT,WGS,23292919136.0,2020-2020
Talaromyces variabilis,0,,,,
Terrabacter tumescens,1,ILLUMINA,AMPLICON,31289460.0,2024-2024
Grammothele fuligo,0,,,,
Gymnopilus junonius,51,ILLUMINA; OXFORD_NANOPORE; PACBIO_SMRT,RNA-Seq; WGS,52438479514.0,2017-2021
Geonectria subalpina,0,,,,
Geotrichum candidum,167,ABI_SOLID; DNBSEQ; ILLUMINA,AMPLICON; WGS,4293949217.0,2022-2025
Gibellulopsis nigrescens,7,ION_TORRENT; PACBIO_SMRT,AMPLICON; MBD-Seq; WGS,14300280955.0,2022-2024
Gliocladium roseum,354,ILLUMINA,WGS; ssRNA-seq,36740354299.0,2024-2026
Gloeophyllum abietinum,0,,,,
Gloeophyllum odoratum,0,,,,
Halomonas cerina,1,ILLUMINA,WGS,3664369850.0,2019-2019
Halomonas denitrificans,2,DNBSEQ; ILLUMINA,WGS,2311226996.0,2018-2025
Halomonas gudaonensis,2,ILLUMINA; OXFORD_NANOPORE,WGS,1102203744.0,2016-2019
Halomonas maura,0,,,,
Halomonas pacifica,2,ILLUMINA,WGS,2700632590.0,2020-2023
Gloeophyllum striatum,0,,,,
Gongronella sp.,1,ILLUMINA,OTHER,1821.0,2025-2025
Gordonia desulfuricans,0,,,,
Halopseudomonas formosensis,3,ILLUMINA,WGA; WGS,1922917237.0,2016-2025
Halopseudomonas pelagia,1,ILLUMINA,WGS,7259.0,2017-2017
Halopseudomonas yangmingensis,2,ILLUMINA,WGS,1124810396.0,2016-2022
Hamadaea flava,1,PACBIO_SMRT,WGS,9768824988.0,2020-2020
Hamadaea sp.,2,ILLUMINA,WGS,2618174100.0,2024-2024
Exiguobacterium sibiricum,51,ILLUMINA; OXFORD_NANOPORE,RNA-Seq; WGS,2428884791.0,2024-2026
Exiguobacterium undae,13,ILLUMINA,WGS,5209897423.0,2021-2026
Halobyssothecium obiones,0,,,,
Inonotus hispidus,39,DNBSEQ,WGS,15776182800.0,2026-2026
Janthinobacterium sp.,1,ILLUMINA,WGS,343611696.0,2018-2018
Heterobasidion sp.,0,,,,
Hydropisphaera saulensis,0,,,,
Hymenomonas globosa,0,,,,
Hypocrea sp.,67,ILLUMINA,OTHER,8975.0,2025-2025
Hypocreales sp.,4,ILLUMINA,AMPLICON; RNA-Seq; WGS,20079300005.0,2018-2026
Hypomyces luteovirens,0,,,,
Kocuria palustris,24,ILLUMINA; PACBIO_SMRT,WGS,7858990756.0,2025-2025
Kocuria sp.,9,ILLUMINA,WGS; ssRNA-seq,4021349817.0,2025-2026
Kribbella albertanoniae,0,,,,
Kutzneria sp.,0,,,,
Microbacterium oleivorans,18,ILLUMINA; OXFORD_NANOPORE,WGS,2312514390.0,2025-2026
Microbacterium paraoxydans,33,ILLUMINA; OXFORD_NANOPORE,WGA; WGS,13501151647.0,2025-2026
Microbacterium radiodurans,1,OXFORD_NANOPORE,WGS,303085341.0,2026-2026
Microbacterium sp.,375,ILLUMINA,WGS,6481095.0,2026-2026
Leptobacillium leptobactrum,0,,,,
Leptosphaeria sp.,20,ILLUMINA,OTHER,8981.0,2025-2025
Leucobacter sp.,5,CAPILLARY; ILLUMINA,AMPLICON,7972560.0,2024-2025
Lactobacillus paracasei,742,ILLUMINA; OXFORD_NANOPORE,AMPLICON; WGA; WGS,2606165822.0,2026-2026
Lactobacillus sp.,274,ILLUMINA,AMPLICON,185135047.0,2026-2026
Lasionectria martinicensis,0,,,,
Leiotrametes menziesii,29,ILLUMINA,RNA-Seq,39929070128.0,2018-2018
Lentinus tigrinus,64,ILLUMINA,RNA-Seq,24499306440.0,2019-2019
Limnospira indica,14,ILLUMINA,RNA-Seq,40392957732.0,2021-2021
Linnemannia gamsii,3,ILLUMINA,RNA-Seq; WGS,17087144840.0,2017-2017
Lophiostoma arundinis,1,LS454,AMPLICON,521.0,2021-2021
Lulwoana uniseptata,2,ILLUMINA,WGS,7378683856.0,2022-2022
Lentzea albidocapillata,4,ILLUMINA; OXFORD_NANOPORE,WGS,2848761888.0,2016-2021
Lentzea waywayandensis,1,ILLUMINA,WGS,867378730.0,2016-2016
Lenzites warnieri,0,,,,
Lepista nuda,7,ILLUMINA,AMPLICON; RNA-Seq; WGS,37744749318.0,2017-2026
Fusarium subglutinans,49,ABI_SOLID; ILLUMINA,AMPLICON; RAD-Seq,451785969.0,2020-2025
Fusarium tricinctum,29,ILLUMINA; PACBIO_SMRT,Hi-C; WGS,26854008305.0,2025-2025
Fuscoporia sp.,0,,,,
Haploporus alabamae,0,,,,
Herbihabitans rhizosphaerae,1,ILLUMINA,WGS,4611815424.0,2019-2019
Hericium erinaceus,51,ILLUMINA; OXFORD_NANOPORE,WGS,29784861242.0,2025-2026
Lichtheimia ramosa,30,ABI_SOLID; ILLUMINA,AMPLICON; WGS,12848241121.0,2022-2024
Lichtheimia sp.,1,ILLUMINA,OTHER,1396.0,2025-2025
Fusarium fujikuroi,284,ILLUMINA,WGS,17288118300.0,2026-2026
Flammulina velutipes,185,ILLUMINA,RNA-Seq; WGS,27442264562.0,2026-2026
Fomes meliae,0,,,,
Fomitiporia neotropica,0,,,,
Eupenicillium rubidurum,0,,,,
Eutypa sp.,0,,,,
Eutypella sp.,0,,,,
Exiguobacterium marinum,2,ILLUMINA,WGS,6852127828.0,2016-2016
Malassezia sp.,1,DNBSEQ,AMPLICON,447.0,2025-2025
Malbranchea cinnamomea,6,ILLUMINA,RNA-Seq,21248353476.0,2017-2017
Desulfovibrio desulfuricans,42,ILLUMINA,AMPLICON,11757966.0,2023-2023
Diaporthe italiana,0,,,,
Fusarium proliferatum,233,ILLUMINA; OXFORD_NANOPORE,WGS,13396655183.0,2026-2026
Fomitopsis pinicola,68,DNBSEQ; ILLUMINA,AMPLICON; WGS,2894014641.0,2025-2025
Fomitopsis sp.,2,ILLUMINA,OTHER,3335.0,2025-2025
Fusarium avenaceum,82,ILLUMINA; PACBIO_SMRT,Hi-C; RNA-Seq; WGS,29487490841.0,2026-2026
Methylobacterium radiotolerans,15,ILLUMINA; OXFORD_NANOPORE,WGS,3515596384.0,2022-2026
Meyerozyma caribbica,31,DNBSEQ; ILLUMINA; OXFORD_NANOPORE,AMPLICON; WGS,482812455.0,2025-2026
Marinobacter algicola,15,DNBSEQ; ILLUMINA,WGS,2955135129.0,2024-2025
Marinobacter gudaonensis,4,DNBSEQ; ILLUMINA,WGS,4896186044.0,2016-2025
Marinobacter sediminum,54,OXFORD_NANOPORE,WGS,52110287.0,2026-2026
Massilia sp.,67,ILLUMINA,WGS,5927503.0,2026-2026
Metacordyceps chlamydosporia,25,ILLUMINA; OXFORD_NANOPORE; PACBIO_SMRT,RNA-Seq; WGS,51983677297.0,2021-2026
Lysinibacillus sphaericus,39,ILLUMINA; OXFORD_NANOPORE,AMPLICON; WGS,3017912761.0,2025-2026
Microbispora,26,ILLUMINA,WGS,10899492570.0,2024-2025
Microbispora catharanthi,0,,,,
Microbispora oryzae,0,,,,
Microbispora rosea,6,ILLUMINA; PACBIO_SMRT,WGS,10188459812.0,2018-2024
Metarhizium anisopliae,109,ILLUMINA,RNA-Seq,33200468700.0,2026-2026
Metarhizium marquandii,14,ILLUMINA,RNA-Seq; WGS,7203033994.0,2025-2025
Metarhizium robertsii,224,ILLUMINA,RNA-Seq,29842671250.0,2026-2026
Methylobacterium fujisawaense,8,ILLUMINA; OXFORD_NANOPORE,WGS,5159793524.0,2025-2025
Niallia circulans,67,ILLUMINA,WGS,6949551977.0,2025-2026
Nocardia asteroides,23,ILLUMINA,WGS,9539175750.0,2024-2025
Nocardia farcinica,241,ILLUMINA,WGS,5383548942.0,2025-2025
Nocardioidaceae bacterium,11,ILLUMINA,AMPLICON; WGS,781629749.0,2024-2026
Nocardioides marinus,5,DNBSEQ; ILLUMINA; PACBIO_SMRT,WGA; WGS,7500171527.0,2019-2026
Nocardioides zeae,4,ILLUMINA; PACBIO_SMRT,WGS,18388883254.0,2021-2023
Neosartorya fischeri,149,CAPILLARY; ILLUMINA,AMPLICON; WGS,23822469086.0,2024-2026
Neosetophoma poaceicola,0,,,,
Micromonospora echinospora,12,ILLUMINA,WGS,15038714837.0,2024-2026
Micromonospora lutea,0,,,,
Micromonospora qiuiae,0,,,,
Micromonospora rifamycinica,7,ILLUMINA; OXFORD_NANOPORE; PACBIO_SMRT,WGS,9011482888.0,2016-2024
Microbispora rosea subsp. Aerata,0,,,,
Microbispora triticiradicis,1,ILLUMINA,WGS,1810482148.0,2024-2024
Micrococcus lylae,26,ILLUMINA,WGS,1739529581.0,2025-2025
Micrococcus mucilaginosus,139,BGISEQ,WGS,5323177836.0,2026-2026
Micromonospora saelicesensis,1,ILLUMINA,WGS,1023728358.0,2016-2016
Micromonospora taraxaci,6,ILLUMINA; PACBIO_SMRT,WGS,8470376890.0,2019-2024
Micromonospora viridifaciens,4,ILLUMINA; PACBIO_SMRT,WGS,3519111522.0,2016-2019
Microporus sp.,0,,,,
Moesziomyces antarcticus,4,DNBSEQ; ILLUMINA; OXFORD_NANOPORE; PACBIO_SMRT,AMPLICON; WGA; WGS,16258760461.0,2023-2025
Micromonospora acroterricola,0,,,,
Micromonospora carbonacea,6,ILLUMINA; PACBIO_SMRT,WGS,13377248859.0,2020-2025
Micromonospora craterilacus,0,,,,
Marasmiellus ramealis,0,,,,
Marasmius oreades,435,ILLUMINA,WGS,66114361200.0,2026-2026
Monascus sp.,1,ILLUMINA,OTHER,1795.0,2025-2025
Monocillium mucidum,0,,,,
Morinia sp.,0,,,,
Moritella sp.,5,ILLUMINA,POOLCLONE,17602093.0,2024-2024
Mortierella alpina,41,DNBSEQ; ILLUMINA; OXFORD_NANOPORE,AMPLICON; RNA-Seq; WGS,40057979149.0,2024-2025
Mortierella lignicola,2,ILLUMINA,WGS,4843579604.0,2017-2022
Enterobacter asburiae,1037,ILLUMINA; OXFORD_NANOPORE,AMPLICON; WGS,6848787590.0,2026-2026
Enterobacter hormaechei subsp. Xiangfangensis,988,ILLUMINA; OXFORD_NANOPORE,WGS,4283784993.0,2026-2026
Enterobacter ludwigii,576,ILLUMINA,WGS,4383804974.0,2026-2026
Dichomitus squalens,562,ILLUMINA; PACBIO_SMRT,RNA-Seq; WGS,28398937054.0,2025-2025
Dichostereum effuscatum,0,,,,
Didymella pinodella,18,ILLUMINA,RNA-Seq,25381803438.0,2023-2023
Didymella sp.,25,ILLUMINA,AMPLICON,68368421.0,2021-2023
Diutina rugosa,5,ILLUMINA; OXFORD_NANOPORE,WGS,19450241658.0,2020-2025
Enterovibrio sp.,3,ILLUMINA,AMPLICON; WGS,5658599.0,2023-2026
Epicoccum dendrobii,0,,,,
Epicoccum duchesneae,0,,,,
Epicoccum sorghinum,16,ILLUMINA,RNA-Seq,37804673055.0,2024-2024
Epicoccum tritici,0,,,,
Escherichia coli,613710,ILLUMINA,WGS,2892791964.0,2026-2026
Embarria clematidis,0,,,,
Enterobacter agglomerans,422,ILLUMINA,WGS,9782533.0,2026-2026
Neocamarosporium sp.,1,DNBSEQ,AMPLICON,260.0,2025-2025
Neodidymelliopsis longicolla,0,,,,
Neodidymelliopsis sp.,0,,,,
Mucor circinelloides,448,ILLUMINA,RNA-Seq; WGS,30610446690.0,2026-2026
Murilentithecium clematidis,0,,,,
Mycena galericulata,10,ILLUMINA; PACBIO_SMRT,Hi-C; RNA-Seq; WGS,193936664923.0,2018-2025
Coniochaeta hoffmannii,7,BGISEQ; ILLUMINA; PACBIO_SMRT,RNA-Seq; WGS,17274543288.0,2023-2025
Coniochaeta sp.,10,ILLUMINA,AMPLICON; WGS,46193195.0,2021-2025
Neosetophoma rosigena,0,,,,
Neosetophoma sp.,0,,,,
Nesiotobacter exalbescens,4,ILLUMINA; OXFORD_NANOPORE,WGS,6677325874.0,2013-2026
Nia vibrissa,2,ILLUMINA,RNA-Seq; WGS,42263036358.0,2017-2018
Mycosphaerella lateris,0,,,,
Myrothecium gramineum,0,,,,
Neisseria sp.,66,ILLUMINA,WGS,4718241556.0,2025-2025
Neocamarosporium solicola,0,,,,
Novosphingobium sp.,48,ILLUMINA,WGS,2738838.0,2026-2026
Ochrobactrum intermedium,41,OXFORD_NANOPORE; PACBIO_SMRT,WGS,1794354978.0,2025-2025
Penicillium janthinellum,24,ILLUMINA,RNA-Seq,20245541400.0,2021-2021
Penicillium pinophilum,31,DNBSEQ; ILLUMINA,RNA-Seq,49734373200.0,2023-2025
Penicillium polonicum,32,ILLUMINA; PACBIO_SMRT,WGS,7672228581.0,2025-2025
Penicillium restrictum,2,LS454; PACBIO_SMRT,AMPLICON; WGS,4721551542.0,2021-2022
Penicillium crustosum,12,ILLUMINA; OXFORD_NANOPORE; PACBIO_SMRT,RNA-Seq; WGS,33942832499.0,2020-2025
Penicillium daleae,3,BGISEQ; OXFORD_NANOPORE,WGS,13233283764.0,2023-2023
Ophiosimulans tanaceti,0,,,,
Oscillatoria subbrevis,0,,,,
Paecilomyces lilacinus,123,ILLUMINA,RNA-Seq,38046242700.0,2026-2026
Nocardiopsis sp.,0,,,,
Nodulosphaeria multiseptata,0,,,,
Nonomuraea fastidiosa,0,,,,
Nonomuraea terrinata,0,,,,
Nothophoma quercina,2,BGISEQ; ILLUMINA,AMPLICON; WGS,15661298197.0,2022-2026
Paractinoplanes rishiriensis,0,,,,
Paractinoplanes tereljensis,1,PACBIO_SMRT,WGS,36742618035.0,2019-2019
Paradendryphiella arenariae,0,,,,
Paenibacillus macerans,24,ILLUMINA,WGS,4249980408.0,2023-2026
Paenibacillus urinalis,11,ILLUMINA; OXFORD_NANOPORE,WGS,17120378210.0,2023-2026
Panaeolus sphinctrinus,0,,,,
Paracoccus aminophilus,3,ILLUMINA,Hi-C; WGS,7722110717.0,2026-2026
Ochrobactrum oryzae,2,ILLUMINA; OXFORD_NANOPORE,WGS,790136402.0,2019-2020
Dermacpccis sp.,0,,,,
Mycena sanguinolenta,22,ILLUMINA,RNA-Seq; WGS,21274229034.0,2020-2020
Mycobacterium sp.,106,DNBSEQ; ILLUMINA,AMPLICON; WGA; WGS,23578509.0,2025-2025
Mycosphaerella arachidis,2,PACBIO_SMRT,WGS,49187530896.0,2026-2026
Paracoccus sp.,0,,,,
Paractinoplanes deccanensis,0,,,,
Paractinoplanes durhamensis,0,,,,
Paractinoplanes polyasparticus,1,ILLUMINA,WGS,2436165300.0,2022-2022
Curvularia senegalensis,0,,,,
Coprinopsis lagopus,1,OXFORD_NANOPORE,AMPLICON,339396.0,2025-2025
Cordyceps confragosa,10,ILLUMINA,WGS,10153113626.0,2023-2025
Cosmospora sp.,1,LS454,AMPLICON,521.0,2021-2021
Colletotrichum theobromicola,3,ILLUMINA,WGS,7391300749.0,2026-2026
Collimonas arenae,1,ILLUMINA,WGS,1674076298.0,2019-2019
Collimonas pratensis,4,ILLUMINA; LS454,WGS,1619977073.0,2020-2020
Parathyridaria sp.,0,,,,
Dactylosporangium aurantiacum,1,ILLUMINA,WGS,4371530936.0,2025-2025
Dactylosporangium matsuzakiense,3,ILLUMINA,RNA-Seq,5224674042.0,2021-2021
Dactylosporangium siamense,0,,,,
Dactylosporangium sp.,0,,,,
Dactylosporangium sucinum,0,,,,
Dactylosporangium vinaceum,3,ILLUMINA,RNA-Seq,5224674042.0,2021-2021
Cunninghamella sp.,3,ILLUMINA; OXFORD_NANOPORE,AMPLICON; OTHER,92582.0,2024-2025
Curvularia protuberata,2,ILLUMINA,WGS,12505109008.0,2010-2010
Penicillium aurantiogriseum,4,ILLUMINA; OXFORD_NANOPORE,RNA-Seq; WGS; miRNA-Seq,11019469843.0,2015-2021
Penicillium chermesinum,5,DNBSEQ; LS454; OXFORD_NANOPORE; PACBIO_SMRT,AMPLICON; WGS,1488044421.0,2021-2025
Paraglaciecola sp.,0,,,,
Parasarocladium sp.,1,ILLUMINA,OTHER,1795.0,2025-2025
Cladosporium asperulatum,0,,,,
Cladosporium basi-inflatum,0,,,,
Cyathus pallidus,9,PACBIO_SMRT,WGS,6465064205.0,2022-2025
Cytospora ceratosperma,0,,,,
Penicillium echinulatum,0,,,,
Penicillium glabrum,11,LS454; OXFORD_NANOPORE,AMPLICON; WGS,7045696984.0,2021-2023
Penicillium granulatum,0,,,,
Penicillium griseofulvum,4,DNBSEQ; ILLUMINA; PACBIO_SMRT,AMPLICON; WGS,24534740925.0,2018-2025
Peethambara spirostriata,0,,,,
Pelobacter venetianus,0,,,,
Pelosinus fermentans,15,ILLUMINA; PACBIO_SMRT,OTHER; WGS,2273908954.0,2016-2024
Penicillium adametzii,0,,,,
Cladosporium xanthochromaticum,0,,,,
Cladosporium xylophilum,2,PACBIO_SMRT,WGS,8306208898.0,2025-2025
Clonostachys buxi,0,,,,
Clonostachys pnagiana,0,,,,
Cladosporium funiculosum,0,,,,
Cladosporium montecillanum,2,OXFORD_NANOPORE,AMPLICON,,2026-2026
Cladosporium perangustum,2,ILLUMINA,WGS,83562500.0,2023-2023
Cladosporium ramotenellum,0,,,,
Phellinus robustus,0,,,,
Penicillium variabile,0,,,,
Perenniporia martia,0,,,,
Burkholderia vietnamiensis,1028,ILLUMINA; OXFORD_NANOPORE,WGS,8638352509.0,2025-2026
Clonostachys sp.,18,ILLUMINA,OTHER,8003.0,2025-2025
Clostridium hathewayi,67,ILLUMINA; PACBIO_SMRT,RNA-Seq; WGS,4735475200.0,2025-2026
Cobetia sp.,2,ILLUMINA,WGS,111052519.0,2018-2018
Cochliobolus sp.,12,DNBSEQ; ILLUMINA,AMPLICON; OTHER,7635.0,2025-2025
Phlebia radiata,33,DNBSEQ; ILLUMINA,AMPLICON; RNA-Seq,4002599099.0,2024-2025
Phormidium lucidum,0,,,,
Photobacterium ganghwense,7,ILLUMINA,AMPLICON; WGS,1458848065.0,2021-2026
Photorhabdus luminescens,92,ILLUMINA; OXFORD_NANOPORE,WGS,3466753707.0,2024-2026
Phaeophleospora eucalypticola,1,ILLUMINA,WGS,2163800645.0,2022-2022
Phaeosphaeria oryzae,0,,,,
Phaeosphaeria spartinicola,0,,,,
Phellinus apiahynus,0,,,,
Phytohabitans aurantiacus,1,ILLUMINA,WGS,1305967800.0,2022-2022
Phytohabitans houttuyneae,0,,,,
Phytohabitans rumicis,0,,,,
Picochlorum maculatum,0,,,,
Piptoporus betulinus,20,ILLUMINA; PACBIO_SMRT,RNA-Seq; WGS,26922623284.0,2018-2026
Piscinibacter gummiphilus,16,ILLUMINA,RNA-Seq,14638136444.0,2025-2025
Plantactinospora alkalitolerans,1,ILLUMINA,WGS,203318616.0,2020-2020
Plantactinospora endophytica,0,,,,
Pseudomonas stutzeri,1130,ILLUMINA; ION_TORRENT; OXFORD_NANOPORE,WGS,1237126459.0,2025-2026
Pseudomonas subflava,0,,,,
Pseudomonas syringae,2692,ILLUMINA,RNA-Seq,25349070600.0,2026-2026
Pseudomonas tuomurensis,0,,,,
Pseudomonas otitidis,104,CAPILLARY; ILLUMINA; OXFORD_NANOPORE; PACBIO_SMRT,RNA-Seq; WGS,1706432357.0,2025-2026
Pseudomonas pachastrellae,5,ILLUMINA,AMPLICON; RNA-Seq; WGS,1189177302.0,2016-2024
Pseudomonas plecoglossicida,136,ILLUMINA,AMPLICON; RNA-Seq; WGS,25926139038.0,2026-2026
Pseudomonas mandelii,12,CAPILLARY; DNBSEQ; ILLUMINA,AMPLICON; OTHER; WGS,3040751783.0,2021-2026
Porodaedalea pini,3,ILLUMINA; PACBIO_SMRT,AMPLICON; RNA-Seq; WGS,13460783345.0,2018-2022
Priestia aryabhattai,180,ILLUMINA,RNA-Seq; WGS,23719564364.0,2026-2026
Promicromonospora panici,0,,,,
Pleospora leptosphaerulinoides,0,,,,
Pleurostoma richardsiae,3,BGISEQ,RNA-Seq; WGS,17728567900.0,2023-2023
Pleurotus pulmonarius,125,ILLUMINA,RNA-Seq,33193069754.0,2025-2025
Podospora anserina,409,ILLUMINA; OXFORD_NANOPORE,Hi-C; WGS,45373283168.0,2025-2026
Pseudomonas rhodesiae,53,DNBSEQ; ILLUMINA; PACBIO_SMRT,WGS,6592917389.0,2025-2026
Pseudomonas amygdali,142,ILLUMINA,RNA-Seq; WGS,10469559594.0,2026-2026
Pseudomonas azotoformans,29,ILLUMINA,WGS,3624364142.0,2025-2025
Pseudomonas beteli,0,,,,
Propionispora sp.,0,,,,
Proteus vulgaris,237,ILLUMINA; OXFORD_NANOPORE,AMPLICON; WGS,2358015680.0,2026-2026
Pseudoalteromonas lipolytica,22,DNBSEQ; ILLUMINA; OXFORD_NANOPORE,WGS,10658924569.0,2025-2026
Polyporus arcularius,7,ILLUMINA; PACBIO_SMRT,AMPLICON; WGS,19119842582.0,2013-2026
Polyporus tuberaster,1,PACBIO_SMRT,AMPLICON,2358931.0,2022-2022
Cladosporium rectoides,1,PACBIO_SMRT,WGS,5908989044.0,2022-2022
Citrobacter freundii,4729,ILLUMINA,WGS,3694060686.0,2026-2026
Citrobacter sedlakii,58,ILLUMINA,WGS,2714036591.0,2025-2026
Cladosporium allicinum,1,OXFORD_NANOPORE,WGS,1658648579.0,2025-2025
Cladosporium antropophilum,0,,,,
Pestalotiopsis microspora,3,ILLUMINA; PACBIO_SMRT,AMPLICON; WGS,18551774781.0,2019-2024
Pestalotiopsis thailandica,0,,,,
Pseudomassariosphaeria bromicola,0,,,,
Catellatospora bangladeshensis,0,,,,
Catellatospora methionotrophica,0,,,,
Cellulomonas iranensis,18,ILLUMINA; PACBIO_SMRT,RNA-Seq; WGS,6194354518.0,2025-2026
Burkholderia aenigmatica,22,ILLUMINA,WGS,8054909558.0,2021-2023
Burkholderia ambifaria,151,ILLUMINA,AMPLICON; WGS,6222768284.0,2025-2026
Burkholderia gladioli,422,ILLUMINA,WGS,7433099700.0,2026-2026
Pseudomonas indica,1,ILLUMINA,WGS,1067733080.0,2016-2016
Rheinheimera sp.,18,ILLUMINA,AMPLICON,11568337.0,2026-2026
Chaetomium sp.,13,DNBSEQ; ILLUMINA,AMPLICON; OTHER,71534110.0,2025-2025
Chaetopsina pnagiana,0,,,,
Chitinimonas sp.,0,,,,
Caldimonas taiwanensis,0,,,,
Calonectria pseudonaviculata,94,ILLUMINA,RNA-Seq,181312413600.0,2026-2026
Candida antarctica,4,DNBSEQ; ILLUMINA; OXFORD_NANOPORE; PACBIO_SMRT,AMPLICON; WGA; WGS,16258760461.0,2023-2025
Candida rugosa,5,ILLUMINA; OXFORD_NANOPORE,WGS,19450241658.0,2020-2025
Candidatus bathyarchaeota,214,ILLUMINA,WGS,25840232283.0,2025-2025
Chloroidium saccharophilum,6,ILLUMINA,RNA-Seq,50565649400.0,2025-2025
Chrysebacterium nepalense,0,,,,
Chryseobacterium sp.,61,ILLUMINA,WGS,559002.0,2026-2026
Chryseomonas luteola,37,ILLUMINA; OXFORD_NANOPORE; PACBIO_SMRT,WGS,6732142239.0,2026-2026
Chrysonectria finisterensis,0,,,,
Chrysosporium sp.,1,DNBSEQ,AMPLICON,447.0,2025-2025
Citrobacter amalonaticus,322,ILLUMINA,WGS,6775597308.0,2026-2026
Ceriporiopsis gilvescens,0,,,,
Pseudomonas monteilii,126,ILLUMINA; OXFORD_NANOPORE,AMPLICON; WGS,3108070917.0,2025-2026
Pseudomonas multiresinivorans,2,ILLUMINA; PACBIO_SMRT,WGS,3125147847.0,2020-2022
Pseudomonas nitroreducens,62,ILLUMINA,WGS,2857934548.0,2025-2026
Pseudomonas capeferrum,19,ILLUMINA,WGS,6295502514.0,2026-2026
Pseudomonas fluvialis,2,ILLUMINA,WGS,3788056424.0,2020-2024
Bacillus thermoruber,5,CAPILLARY; ILLUMINA; PACBIO_SMRT,AMPLICON; WGS,7047764362.0,2016-2025
Bacillus thioparans,2,ILLUMINA,WGS,4219261743.0,2023-2025
Chitinophaga jiangningensis,1,ILLUMINA,WGS,996534164.0,2017-2017
Brucella tritici,1,OXFORD_NANOPORE,WGS,400228218.0,2019-2019
Bordetella petrii,5,ILLUMINA; PACBIO_SMRT,WGS,3297991941.0,2018-2023
Botryosphaeria dothidea,283,ILLUMINA,RNA-Seq,32996855335.0,2025-2025
Botrytis sp.,4,ILLUMINA; LS454,AMPLICON; OTHER,31261389.0,2021-2025
Bacteroides sp.,143,ILLUMINA,AMPLICON; WGS,398064534.0,2025-2026
Bdellovibrio bacteriovorus,129,ILLUMINA; PACBIO_SMRT,WGS,5922682248.0,2025-2025
Bifidobacterium infantis,0,,,,
Bacillus stearothermophilus,219,ILLUMINA; OXFORD_NANOPORE,AMPLICON; WGA; WGS,1223508662.0,2026-2026
Pseudonocardia sp.,12,ILLUMINA,AMPLICON,6524895.0,2024-2025
Bacillus altitudinis,313,ILLUMINA; PACBIO_SMRT,WGS,15914702420.0,2026-2026
Bacillus aquimaris,7,ILLUMINA,AMPLICON; WGS,15951864244.0,2022-2025
Brevibacillus reuszeri,6,ILLUMINA,WGS,11066631294.0,2017-2025
Brevibacterium sp.,14,ABI_SOLID; ILLUMINA,AMPLICON; RNA-Seq; WGS,3181299252.0,2024-2026
Brevundimonas diminuta,288,ILLUMINA,WGS,,2026-2026
Brevundimonas vesicularis,44,ILLUMINA; OXFORD_NANOPORE,RNA-Seq; WGS,17425021226.0,2026-2026
Brucella cytisi,6,ILLUMINA; OXFORD_NANOPORE,WGS,4754843533.0,2019-2025
Pseudozyma sp.,0,,,,
Psychrobacillus sp.,1,ILLUMINA,WGS,471573.0,2026-2026
Psychrobacter cryohalolentis,8,CAPILLARY; ILLUMINA,WGA; WGS,163386640.0,2020-2020
Purpureocillium sp.,40,ILLUMINA,OTHER,8969.0,2025-2025
Pyrenochaetopsis microspora,0,,,,
Pseudomonas vesicularis,44,ILLUMINA; OXFORD_NANOPORE,RNA-Seq; WGS,17425021226.0,2026-2026
Pseudonectria foliicola,0,,,,
Pseudonocardia alni,5,ILLUMINA; PACBIO_SMRT,WGS,9206828790.0,2016-2026
Rhizobium viscosum,2,ILLUMINA; PACBIO_SMRT,WGS,2113763152.0,2019-2020
Rhizocola hellebori,0,,,,
Rhizomucor miehei,5,ABI_SOLID; ILLUMINA,RNA-Seq; WGS,16656441510.0,2013-2020
Pyrenochaetopsis paucisetosa,0,,,,
Pyrenochaetopsis sp.,0,,,,
Rahnella aquatilis,25,ILLUMINA; OXFORD_NANOPORE,CLONE; OTHER; WGS,8452501218.0,2025-2026
Ralstonia eutropha,425,ILLUMINA; OXFORD_NANOPORE,RNA-Seq; WGS,48089825935.0,2026-2026
Rasamsonia argillacea,0,,,,
Aspergillus calidoustus,23,ABI_SOLID; ILLUMINA,AMPLICON; RNA-Seq; WGS,32009803546.0,2022-2026
Bacillus safensis,298,CAPILLARY; DNBSEQ; ILLUMINA; OXFORD_NANOPORE,RNA-Seq; WGS,3430471713.0,2026-2026
Bacillus smithii,20,ILLUMINA,WGS,3697401900.0,2025-2025
Bacillus sphericus,0,,,,
Bacillus idriensis,5,ILLUMINA,WGS,4341193912.0,2019-2025
Bacillus infantis,20,ILLUMINA; PACBIO_SMRT,WGS,10264679560.0,2025-2025
Bacillus mycoides,267,ILLUMINA,WGS,1514100957.0,2026-2026
Bacillus niacini,26,ILLUMINA,WGS,839409.0,2026-2026
Saccharothrix coeruleofusca,2,PACBIO_SMRT,WGS,9810902411.0,2022-2025
Saccharothrix cryophilis,1,PACBIO_SMRT,WGS,2778372388.0,2020-2020
Rhodococcus sovatensis,1,OXFORD_NANOPORE,WGS,1217819872.0,2024-2024
Rhodoferax fermentans,1,ILLUMINA,WGS,891282327.0,2021-2021
Rhodotorula sphaerocarpa,13,ILLUMINA; PACBIO_SMRT,WGS,26271084430.0,2025-2026
Rhizopus oligosporus,9,ILLUMINA; OXFORD_NANOPORE,WGS,32272474668.0,2019-2026
Rhodococcus equi,174,ILLUMINA,WGS,2940966467.0,2026-2026
Aspergillus brasiliensis,13,ILLUMINA,WGS,31887365600.0,2016-2022
Saccharothrix mutabilis,0,,,,
Saccharothrix sp.,2,ILLUMINA,WGS,2838128700.0,2024-2024
Saccharothrix syringae,0,,,,
Saccharothrix texasensis,2,PACBIO_SMRT,WGS,1249451809.0,2018-2018
Roussoella scabrispora,0,,,,
Saccharopolyspora flava,1,ILLUMINA,WGS,1154035200.0,2016-2016
Saccharopolyspora hirsuta,10,ILLUMINA,RNA-Seq,13667532580.0,2022-2022
Saccharothrix australiensis,3,ILLUMINA; PACBIO_SMRT,WGS,1709629162.0,2018-2019
Bacillus stratosphericus,12,ILLUMINA; OXFORD_NANOPORE,RNA-Seq; WGS,9665460165.0,2023-2023
Bacillus subterraneus,6,ABI_SOLID; ILLUMINA,AMPLICON; WGS,1880844287.0,2022-2025
Bacillus thermoamylovorans,11,ILLUMINA,WGS,4968794400.0,2024-2025
Pseudophaeosphaeria rubi,0,,,,
Pseudoxanthomonas sp.,40,ILLUMINA,WGS,5311618200.0,2024-2024
Saccharothrix deserti,1,ILLUMINA,AMPLICON,1446569700.0,2019-2019
Saccharothrix espanaensis,1,ILLUMINA,WGS,1518901200.0,2016-2016
Saccharothrix longispora,2,PACBIO_SMRT,WGS,7079649641.0,2023-2025
Serratia rubidaea,48,ILLUMINA; OXFORD_NANOPORE; PACBIO_SMRT,WGS,4812418810.0,2023-2026
Salmonella sp.,1280,ILLUMINA,WGS,1541558516.0,2026-2026
Samsoniella hepiali,23,ILLUMINA,RNA-Seq,44644512020.0,2024-2024
Sarocladium kiliense,39,ILLUMINA; OXFORD_NANOPORE,AMPLICON; WGS,175118533.0,2018-2026
Amauroderma calcigenum,0,,,,
Amauroderma sp.,0,,,,
Aspergillus tritici,6,DNBSEQ; ILLUMINA,AMPLICON; RNA-Seq; WGS,9697796317.0,2019-2025
Aspergillus udagawae,7,ILLUMINA,RNA-Seq; WGS,47324994464.0,2021-2025
Sphaerisporangium fuscum,0,,,,
Sphaeropsis sapinea,38,ILLUMINA; OXFORD_NANOPORE,WGS,10493250508.0,2025-2025
Sclerostagonospora lathyri,0,,,,
Sclerotinia sclerotiorum,925,ILLUMINA,RNA-Seq,32372221500.0,2026-2026
Sedecimiella taiwanensis,0,,,,
Septoria eucalyptorum,0,,,,
Septoria sp.,0,,,,
Septoriella sp.,0,,,,
Sphingobacterium multivorum,40,ILLUMINA; OXFORD_NANOPORE,AMPLICON; WGS,3393151251.0,2024-2025
Sphingomonas macrogoltabidus,2,ILLUMINA,WGS,2924573134.0,2025-2025
Stagonosporopsis citrulli,0,,,,
Stagonosporopsis dorenboschii,4,ILLUMINA,WGS,7917451000.0,2021-2021
Staphylococcus cohnii,219,ILLUMINA,WGS,5967863978.0,2026-2026
Shewanella putrefaciens,107,ILLUMINA; PACBIO_SMRT,RNA-Seq; WGA,27913020119.0,2026-2026
Sistotrema brinkmannii,8,DNBSEQ; PACBIO_SMRT,AMPLICON,9858551.0,2023-2025
Solwaraspora sp.,0,,,,
Bacillus pakistanensis,1,ILLUMINA,WGS,586879318.0,2022-2022
Bacillus paramycoides,43,CAPILLARY; ILLUMINA,AMPLICON; WGS,553483239.0,2025-2026
Bacillus atrophaeus,214,DNBSEQ; ILLUMINA; PACBIO_SMRT,WGS,12263496796.0,2025-2025
Bacillus brevis,28,ILLUMINA,WGS,769478612.0,2025-2026
Bacillus firmus,47,ILLUMINA,AMPLICON; WGS,4276096505.0,2025-2026
Bacillus hwajinpoensis,6,ILLUMINA; OXFORD_NANOPORE,WGA; WGS,8100824850.0,2022-2025
Aureobasidium melanogenum,144,ILLUMINA,RNA-Seq,34770840300.0,2026-2026
Aureobasidium namibiae,25,CAPILLARY; DNBSEQ; ILLUMINA; OXFORD_NANOPORE,AMPLICON; WGS,696616020.0,2022-2025
Aquabacterium parvum,0,,,,
Aquabacterium sp.,19,ILLUMINA,AMPLICON; WGS,3460240174.0,2024-2025
Arthrinium sp.,0,,,,
Amycolatopsis thailandensis,0,,,,
Amylosporus sp.,0,,,,
Amphora sp.,0,,,,
Alternaria solani,71,ELEMENT; OXFORD_NANOPORE; PACBIO_SMRT,WGS,28330146379.0,2026-2026
Alternaria tenuissima,31,CAPILLARY; ILLUMINA,AMPLICON; RNA-Seq; WGS,22402409802.0,2026-2026
Staphylococcus xylosus,480,ILLUMINA; OXFORD_NANOPORE,WGA; WGS,1606466939.0,2026-2026
Staphylocuccus aureus,0,,,,
Stemphylium lucomagnoense,0,,,,
Stemphylium lycopersici,11,ILLUMINA,RNA-Seq,31443145934.0,2020-2026
Aestuariibacter halophilus,2,ILLUMINA,AMPLICON; WGS,1609569603.0,2021-2026
Anoxybacillus sp.,0,,,,
Apiospora marii,0,,,,
Apiospora rasikravindrae,7,ILLUMINA,RNA-Seq,36440372400.0,2024-2024
Streptoalloteichus hindustanus,2,ILLUMINA,WGS,1280863842.0,2017-2019
Streptococcus equi,4303,ILLUMINA; OXFORD_NANOPORE,AMPLICON; WGS,1607608052.0,2026-2026
Streptococcus mitior,0,,,,
Streptomyces albogriseolus,27,ILLUMINA; OXFORD_NANOPORE,WGS,9334473489.0,2025-2025
Streptomyces albovinaceus,0,,,,
Stenotrophomonas rhizophila,229,ILLUMINA,WGS,17052757.0,2026-2026
Stereum sp.,3,ILLUMINA,AMPLICON; WGS,8049795605.0,2021-2026
Sterigmatomyces halophilus,1,DNBSEQ,AMPLICON,447.0,2025-2025
Aspergillus nomiae,4,ILLUMINA; ION_TORRENT,RNA-Seq; WGS,26061203705.0,2015-2023
Aspergillus ochraceus,9,ABI_SOLID; DNBSEQ; ILLUMINA,AMPLICON; RNA-Seq; WGS,58049123003.0,2024-2025
Aspergillus penicillioides,30,DNBSEQ; ILLUMINA,AMPLICON,250966975.0,2025-2025
Aspergillus japonicus,4,DNBSEQ; ILLUMINA; LS454,AMPLICON; RNA-Seq; WGS,16093846120.0,2016-2025
Aspergillus keveii,3,ILLUMINA,RNA-Seq; WGS,14372613068.0,2019-2019
Arthrographis kalrae,3,ILLUMINA,WGS,3209661831.0,2023-2023
Asanoa hainanensis,1,ILLUMINA,WGS,936096414.0,2016-2016
Streptomyces bangladeshensis,0,,,,
Verrucosispora sp.,0,,,,
Verticillium dahliae,1155,ILLUMINA,RNA-Seq,39083989870.0,2026-2026
Trichothecium sp.,1,ILLUMINA,OTHER,1095.0,2025-2025
Tritirachium album,2,ILLUMINA,WGS,8343838809.0,2025-2026
Ulocladium sp.,1,LS454,AMPLICON,521.0,2021-2021
Acidovorax facilis,6,OXFORD_NANOPORE; PACBIO_SMRT,WGS,2091361284.0,2025-2026
Acidovorax soli,8,ILLUMINA,WGS,8584645800.0,2024-2024
Trametes polyzona,11,ILLUMINA; PACBIO_SMRT,RNA-Seq; WGS,26822748822.0,2018-2024
Vibrio coralliilyticus,73,OXFORD_NANOPORE,WGS,4388892546.0,2026-2026
Vibrio furnisii,52,ILLUMINA,WGS,2256837732.0,2025-2026
Vibrio proteolyticus,0,,,,
Vibrio sp.,204,ILLUMINA; OXFORD_NANOPORE,WGS,4101281774.0,2025-2026
Virgibacillus halodenitrificans,8,DNBSEQ; ILLUMINA; OXFORD_NANOPORE,WGS,8370364234.0,2019-2024
Westerdykella dispersa,0,,,,
Vagicola chlamydospora,0,,,,
Verrucosispora sioxanthis,4,ILLUMINA; ION_TORRENT; OXFORD_NANOPORE,WGS,911676304.0,2020-2021
Actinomycetota bacterium,2012,ILLUMINA,WGS,57229321779.0,2025-2026
Actinoplanes sp. DH11,0,,,,
Streptomyces polychromogenes,0,,,,
Xerula longipes,0,,,,
Xylaria adscendens,0,,,,
Xylaria comosoides,0,,,,
Xylaria telfairii,2,ILLUMINA,RNA-Seq; WGS,41177555946.0,2020-2020
Achromobacter denitrificans,43,ILLUMINA,WGS,3683020739.0,2024-2025
Alicycliphilus sp.,1,OXFORD_NANOPORE,WGS,383084027.0,2025-2025
Aliiglaciecola lipolytica,0,,,,
Agaricus subrufescens,15,ILLUMINA; OXFORD_NANOPORE,RNA-Seq; WGS,35091131464.0,2020-2023
Agaricus xanthodermus,2,ILLUMINA,WGS,8939086200.0,2026-2026
Agrocybe aegerita,32,BGISEQ; ILLUMINA,RNA-Seq; WGS,30882924300.0,2023-2025
Agrocybe dura,1,ILLUMINA,AMPLICON,1398.0,2025-2025
Agrocybe praecox,19,ILLUMINA; PACBIO_SMRT,Hi-C; RNA-Seq; WGS,172357217112.0,2023-2025
Agrocybe sp.,1,ILLUMINA,AMPLICON,42691915.0,2021-2021
Ketobacter alkanivorans,0,,,,
Kibdelosporangium banguiense,2,PACBIO_SMRT,WGS,7374100321.0,2022-2025
Kineococcus sp.,0,,,,
Kitasatospora phosalacinea,1,ILLUMINA,WGS,499967342.0,2019-2019
Klebsiella grimontii,569,ILLUMINA; OXFORD_NANOPORE,WGS,2895947057.0,2026-2026
Klebsiella pneumonia,151076,ILLUMINA,WGS,3237340305.0,2026-2026
Hypoxylon fendleri,0,,,,
Inonotus circinatus,0,,,,
Acremonium flavum,0,,,,
Actinokineospora alba,4,ILLUMINA; PACBIO_SMRT,WGS,2628818561.0,2016-2018
Acinetobacter gerneri,9,ILLUMINA,RNA-Seq; WGS,4076282799.0,2022-2024
Acinetobacter johnsonii,270,ILLUMINA; OXFORD_NANOPORE,WGS,4852259346.0,2026-2026
Acinetobacter oleivorans,66,ILLUMINA,WGS,16595871512.0,2024-2026
Achromobacter sp.,39,ILLUMINA,WGS,2110527.0,2026-2026
Geobacillus thermoleovorans,33,ILLUMINA; OXFORD_NANOPORE,RNA-Seq; WGS,17285393910.0,2026-2026
Geomyces pannorum,1,ILLUMINA,WGS,18459215532.0,2016-2016
Thermoactinomyces vulgaris,6,ILLUMINA; PACBIO_SMRT,WGS,4461719518.0,2019-2022
Undibacterium pigrum,1,ILLUMINA,WGS,1442066912.0,2018-2018
Actinokineospora xionganensis,1,ILLUMINA,WGS,1487943581.0,2021-2021
Actinomadura atramentaria,2,ILLUMINA,WGS,5584176366.0,2013-2019
Actinomadura physcomitrii,0,,,,
Actinomadura rayongensis,1,ILLUMINA,WGS,6266232026.0,2020-2020
Acinetobacter seifertii,98,ILLUMINA,RNA-Seq; WGS,14886414441.0,2026-2026
Acinetobacter ursingii,191,ILLUMINA,WGS,5514947239.0,2025-2026
Trametes sp.,6,ILLUMINA,AMPLICON; OTHER,213910182.0,2021-2025
Trichaptum biforme,6,ILLUMINA; PACBIO_SMRT,AMPLICON; WGS,29513002656.0,2024-2026
Trichaptum byssogenum,0,,,,
Thermoleophilaceae bacterium,0,,,,
Thermomyces dupontii,30,ILLUMINA,RNA-Seq,30731578580.0,2025-2025
Thalassospira xiamenensis,23,ILLUMINA,WGS,4687366342.0,2021-2025
Thelonectria veuillotiana,0,,,,
Thelypteris sp.,0,,,,
